Time,Latitude_Longitude,Latitude,Longitude,Latitude_Longitude_Clean
2025-02-17 13:57:36+00:00,"42.375, -71.097",42.375,-71.097,"42.375, -71.097"
2025-02-16 14:14:54+00:00,"42.375, -71.097",42.375,-71.097,"42.375, -71.097"
2025-02-16 13:04:36+00:00,"42.375, -71.097",42.375,-71.097,"42.375, -71.097"
2025-02-15 15:08:53+00:00,"42.375, -71.097",42.375,-71.097,"42.375, -71.097"
2025-02-15 14:05:03+00:00,"42.375, -71.097",42.375,-71.097,"42.375, -71.097"
2025-02-15 12:52:45+00:00,"42.375, -71.097",42.375,-71.097,"42.375, -71.097"
2025-02-14 22:59:40+00:00,"42.35, -71.093",42.35,-71.093,"42.35, -71.093"
2025-02-14 22:18:21+00:00,"42.35, -71.093",42.35,-71.093,"42.35, -71.093"
2025-02-14 21:30:46+00:00,"42.349, -71.088",42.349,-71.088,"42.349, -71.088"
2025-02-14 20:15:26+00:00,"42.359, -71.094",42.359,-71.094,"42.359, -71.094"
2025-02-14 19:43:37+00:00,"42.36, -71.09",42.36,-71.09,"42.36, -71.09"
2025-02-14 14:14:48+00:00,"42.375, -71.097",42.375,-71.097,"42.375, -71.097"
2025-02-13 20:58:58+00:00,"42.35, -71.093",42.35,-71.093,"42.35, -71.093"
2025-02-13 19:33:46+00:00,"42.351, -71.092",42.351,-71.092,"42.351, -71.092"
2025-02-13 19:25:12+00:00,"42.361, -71.087",42.361,-71.087,"42.361, -71.087"
2025-02-13 17:29:18+00:00,"42.36, -71.089",42.36,-71.089,"42.36, -71.089"
2025-02-13 16:00:57+00:00,"42.36, -71.093",42.36,-71.093,"42.36, -71.093"
2025-02-13 15:48:05+00:00,"42.375, -71.097",42.375,-71.097,"42.375, -71.097"
2025-02-13 14:55:54+00:00,"42.375, -71.097",42.375,-71.097,"42.375, -71.097"
2025-02-13 13:44:44+00:00,"42.375, -71.097",42.375,-71.097,"42.375, -71.097"
2025-02-12 20:58:30+00:00,"42.361, -71.083",42.361,-71.083,"42.361, -71.083"
2025-02-12 20:58:18+00:00,"42.36, -71.084",42.36,-71.084,"42.36, -71.084"
2025-02-12 20:15:21+00:00,"42.349, -71.086",42.349,-71.086,"42.349, -71.086"
2025-02-12 19:11:55+00:00,"42.352, -71.089",42.352,-71.089,"42.352, -71.089"
2025-02-12 17:31:38+00:00,"42.36, -71.089",42.36,-71.089,"42.36, -71.089"
2025-02-12 16:25:47+00:00,"42.36, -71.089",42.36,-71.089,"42.36, -71.089"
2025-02-12 16:13:06+00:00,"42.361, -71.09",42.361,-71.09,"42.361, -71.09"
2025-02-12 13:35:24+00:00,"42.375, -71.097",42.375,-71.097,"42.375, -71.097"
2025-02-12 02:34:56+00:00,"42.35, -71.093",42.35,-71.093,"42.35, -71.093"
2025-02-12 01:40:48+00:00,"42.363, -71.091",42.363,-71.091,"42.363, -71.091"
2025-02-11 17:50:43+00:00,"42.363, -71.084",42.363,-71.084,"42.363, -71.084"
2025-02-10 23:42:57+00:00,"42.35, -71.093",42.35,-71.093,"42.35, -71.093"
2025-02-10 13:53:55+00:00,"42.378, -71.105",42.378,-71.105,"42.378, -71.105"
2025-02-10 13:53:44+00:00,"42.377, -71.104",42.377,-71.104,"42.377, -71.104"
2025-02-10 13:12:58+00:00,"42.375, -71.097",42.375,-71.097,"42.375, -71.097"
2025-02-10 01:30:29+00:00,"42.375, -71.097",42.375,-71.097,"42.375, -71.097"
2025-02-09 23:17:04+00:00,"42.37, -71.1",42.37,-71.1,"42.37, -71.1"
2025-02-09 23:04:33+00:00,"42.36, -71.094",42.36,-71.094,"42.36, -71.094"
2025-02-09 17:07:44+00:00,"42.375, -71.097",42.375,-71.097,"42.375, -71.097"
2025-02-09 16:01:40+00:00,"42.374, -71.099",42.374,-71.099,"42.374, -71.099"
2025-02-09 13:04:45+00:00,"42.375, -71.097",42.375,-71.097,"42.375, -71.097"
2025-02-09 00:41:41+00:00,"42.375, -71.097",42.375,-71.097,"42.375, -71.097"
2025-02-09 00:41:32+00:00,"42.376, -71.103",42.376,-71.103,"42.376, -71.103"
2025-02-08 23:50:26+00:00,"42.376, -71.102",42.376,-71.102,"42.376, -71.102"
2025-02-08 23:49:25+00:00,"42.374, -71.1",42.374,-71.1,"42.374, -71.1"
2025-02-08 23:48:55+00:00,"42.372, -71.098",42.372,-71.098,"42.372, -71.098"
2025-02-08 23:48:35+00:00,"42.371, -71.096",42.371,-71.096,"42.371, -71.096"
2025-02-08 23:47:14+00:00,"42.368, -71.093",42.368,-71.093,"42.368, -71.093"
2025-02-08 23:45:57+00:00,"42.366, -71.092",42.366,-71.092,"42.366, -71.092"
2025-02-08 23:45:17+00:00,"42.364, -71.093",42.364,-71.093,"42.364, -71.093"
2025-02-08 23:44:05+00:00,"42.362, -71.093",42.362,-71.093,"42.362, -71.093"
2025-02-08 23:41:49+00:00,"42.36, -71.093",42.36,-71.093,"42.36, -71.093"
2025-02-08 23:40:03+00:00,"42.354, -71.09",42.354,-71.09,"42.354, -71.09"
2025-02-08 23:38:49+00:00,"42.351, -71.091",42.351,-71.091,"42.351, -71.091"
2025-02-08 23:38:07+00:00,"42.349, -71.091",42.349,-71.091,"42.349, -71.091"
2025-02-08 23:30:56+00:00,"42.35, -71.093",42.35,-71.093,"42.35, -71.093"
2025-02-08 23:18:29+00:00,"42.359, -71.094",42.359,-71.094,"42.359, -71.094"
2025-02-08 23:07:16+00:00,"42.362, -71.091",42.362,-71.091,"42.362, -71.091"
2025-02-08 20:19:10+00:00,"42.372, -71.115",42.372,-71.115,"42.372, -71.115"
2025-02-08 20:17:04+00:00,"42.37, -71.113",42.37,-71.113,"42.37, -71.113"
2025-02-08 20:15:59+00:00,"42.368, -71.114",42.368,-71.114,"42.368, -71.114"
2025-02-08 15:15:16+00:00,"42.374, -71.119",42.374,-71.119,"42.374, -71.119"
2025-02-08 14:22:52+00:00,"42.375, -71.097",42.375,-71.097,"42.375, -71.097"
2025-02-08 02:53:30+00:00,"42.375, -71.097",42.375,-71.097,"42.375, -71.097"
2025-02-08 02:24:26+00:00,"42.381, -71.086",42.381,-71.086,"42.381, -71.086"
2025-02-08 01:08:31+00:00,"42.375, -71.097",42.375,-71.097,"42.375, -71.097"
2025-02-07 15:57:02+00:00,"42.362, -71.091",42.362,-71.091,"42.362, -71.091"
2025-02-07 15:14:09+00:00,"42.362, -71.091",42.362,-71.091,"42.362, -71.091"
2025-02-07 13:21:48+00:00,"42.375, -71.097",42.375,-71.097,"42.375, -71.097"
2025-02-07 01:57:39+00:00,"42.36, -71.089",42.36,-71.089,"42.36, -71.089"
2025-02-06 23:05:50+00:00,"42.364, -71.096",42.364,-71.096,"42.364, -71.096"
2025-02-06 16:45:55+00:00,"42.362, -71.091",42.362,-71.091,"42.362, -71.091"
2025-02-06 02:08:47+00:00,"42.375, -71.097",42.375,-71.097,"42.375, -71.097"
2025-02-05 15:03:30+00:00,"42.372, -71.086",42.372,-71.086,"42.372, -71.086"
2025-02-04 22:43:40+00:00,"42.362, -71.092",42.362,-71.092,"42.362, -71.092"
2025-02-04 14:00:15+00:00,"42.35, -71.093",42.35,-71.093,"42.35, -71.093"
2025-02-04 13:09:14+00:00,"42.35, -71.093",42.35,-71.093,"42.35, -71.093"
2025-02-04 11:53:37+00:00,"42.35, -71.093",42.35,-71.093,"42.35, -71.093"
2025-02-04 09:49:36+00:00,"42.35, -71.093",42.35,-71.093,"42.35, -71.093"
2025-02-04 01:15:43+00:00,"42.35, -71.093",42.35,-71.093,"42.35, -71.093"
2025-02-03 13:45:00+00:00,"42.35, -71.093",42.35,-71.093,"42.35, -71.093"
2025-02-03 13:02:53+00:00,"42.35, -71.093",42.35,-71.093,"42.35, -71.093"
2025-02-03 10:25:20+00:00,"42.35, -71.093",42.35,-71.093,"42.35, -71.093"
2025-02-03 01:58:40+00:00,"42.35, -71.093",42.35,-71.093,"42.35, -71.093"
2025-02-02 19:16:14+00:00,"42.35, -71.093",42.35,-71.093,"42.35, -71.093"
2025-02-02 14:05:50+00:00,"42.374, -71.098",42.374,-71.098,"42.374, -71.098"
2025-02-02 12:14:08+00:00,"42.375, -71.097",42.375,-71.097,"42.375, -71.097"
2025-02-02 01:27:13+00:00,"42.363, -71.055",42.363,-71.055,"42.363, -71.055"
2025-02-02 00:42:06+00:00,"42.384, -71.013",42.384,-71.013,"42.384, -71.013"
2025-02-02 00:40:38+00:00,"42.355, -71.051",42.355,-71.051,"42.355, -71.051"
2025-02-01 15:45:13+00:00,"51.472, -0.487",51.472,-0.487,"51.472, -0.487"
2025-02-01 15:32:07+00:00,"51.472, -0.486",51.472,-0.486,"51.472, -0.486"
2025-02-01 15:05:02+00:00,"51.472, -0.489",51.472,-0.489,"51.472, -0.489"
2025-02-01 14:20:41+00:00,"51.523, -0.264",51.523,-0.264,"51.523, -0.264"
2025-02-01 14:19:39+00:00,"51.52, -0.262",51.52,-0.262,"51.52, -0.262"
2025-02-01 14:14:47+00:00,"51.518, -0.211",51.518,-0.211,"51.518, -0.211"
2025-02-01 14:14:30+00:00,"51.519, -0.207",51.519,-0.207,"51.519, -0.207"
2025-02-01 14:14:08+00:00,"51.521, -0.204",51.521,-0.204,"51.521, -0.204"
2025-02-01 14:13:47+00:00,"51.522, -0.2",51.522,-0.2,"51.522, -0.2"
2025-02-01 11:30:51+00:00,"51.517, -0.162",51.517,-0.162,"51.517, -0.162"
2025-01-31 16:53:35+00:00,"51.514, -0.156",51.514,-0.156,"51.514, -0.156"
2025-01-31 16:53:09+00:00,"51.515, -0.149",51.515,-0.149,"51.515, -0.149"
2025-01-31 13:13:39+00:00,"51.515, -0.151",51.515,-0.151,"51.515, -0.151"
2025-01-31 13:08:32+00:00,"51.514, -0.154",51.514,-0.154,"51.514, -0.154"
2025-01-31 12:56:06+00:00,"51.514, -0.16",51.514,-0.16,"51.514, -0.16"
2025-01-31 12:02:27+00:00,"51.517, -0.163",51.517,-0.163,"51.517, -0.163"
2025-01-31 10:35:54+00:00,"51.517, -0.163",51.517,-0.163,"51.517, -0.163"
2025-01-31 10:32:58+00:00,"51.513, -0.15",51.513,-0.15,"51.513, -0.15"
2025-01-30 19:30:58+00:00,"51.513, -0.15",51.513,-0.15,"51.513, -0.15"
2025-01-30 18:55:52+00:00,"51.517, -0.163",51.517,-0.163,"51.517, -0.163"
2025-01-30 14:27:46+00:00,"46.746, 10.365",46.746,10.365,"46.746, 10.365"
2025-01-30 14:27:40+00:00,"46.743, 10.376",46.743,10.376,"46.743, 10.376"
2025-01-30 12:10:53+00:00,"37.934, 23.946",37.934,23.946,"37.934, 23.946"
2025-01-30 12:06:38+00:00,"37.932, 23.946",37.932,23.946,"37.932, 23.946"
2025-01-30 11:37:59+00:00,"37.934, 23.946",37.934,23.946,"37.934, 23.946"
2025-01-30 11:31:15+00:00,"37.934, 23.946",37.934,23.946,"37.934, 23.946"
2025-01-30 09:04:52+00:00,"37.975, 23.743",37.975,23.743,"37.975, 23.743"
2025-01-30 07:21:09+00:00,"37.975, 23.743",37.975,23.743,"37.975, 23.743"
2025-01-29 21:08:42+00:00,"37.979, 23.745",37.979,23.745,"37.979, 23.745"
2025-01-28 14:53:18+00:00,"37.977, 23.736",37.977,23.736,"37.977, 23.736"
2025-01-28 05:52:38+00:00,"37.975, 23.743",37.975,23.743,"37.975, 23.743"
2025-01-27 22:44:36+00:00,"37.975, 23.743",37.975,23.743,"37.975, 23.743"
2025-01-27 22:02:37+00:00,"37.975, 23.743",37.975,23.743,"37.975, 23.743"
2025-01-27 13:02:02+00:00,"37.975, 23.743",37.975,23.743,"37.975, 23.743"
2025-01-27 11:52:09+00:00,"38.035, 23.793",38.035,23.793,"38.035, 23.793"
2025-01-27 10:53:38+00:00,"38.034, 23.794",38.034,23.794,"38.034, 23.794"
2025-01-26 16:06:50+00:00,"37.975, 23.743",37.975,23.743,"37.975, 23.743"
2025-01-26 13:37:31+00:00,"38.001, 23.778",38.001,23.778,"38.001, 23.778"
2025-01-26 12:34:35+00:00,"38.001, 23.778",38.001,23.778,"38.001, 23.778"
2025-01-26 12:12:09+00:00,"37.982, 23.756",37.982,23.756,"37.982, 23.756"
2025-01-26 09:01:01+00:00,"37.975, 23.743",37.975,23.743,"37.975, 23.743"
2025-01-25 22:12:04+00:00,"37.975, 23.743",37.975,23.743,"37.975, 23.743"
2025-01-25 21:41:14+00:00,"37.964, 23.69",37.964,23.69,"37.964, 23.69"
2025-01-25 17:38:06+00:00,"37.975, 23.743",37.975,23.743,"37.975, 23.743"
2025-01-25 15:36:31+00:00,"37.975, 23.743",37.975,23.743,"37.975, 23.743"
2025-01-25 11:28:31+00:00,"37.977, 23.741",37.977,23.741,"37.977, 23.741"
2025-01-24 21:59:42+00:00,"37.975, 23.743",37.975,23.743,"37.975, 23.743"
2025-01-24 17:43:59+00:00,"37.975, 23.743",37.975,23.743,"37.975, 23.743"
2025-01-24 16:58:05+00:00,"37.975, 23.743",37.975,23.743,"37.975, 23.743"
2025-01-24 15:53:20+00:00,"37.975, 23.743",37.975,23.743,"37.975, 23.743"
2025-01-24 14:34:02+00:00,"37.975, 23.743",37.975,23.743,"37.975, 23.743"
2025-01-24 13:28:39+00:00,"37.975, 23.743",37.975,23.743,"37.975, 23.743"
2025-01-24 11:41:01+00:00,"37.975, 23.743",37.975,23.743,"37.975, 23.743"
2025-01-23 21:15:48+00:00,"41.802, 12.244",41.802,12.244,"41.802, 12.244"
2025-01-23 20:45:14+00:00,"41.798, 12.255",41.798,12.255,"41.798, 12.255"
2025-01-23 20:44:44+00:00,"41.798, 12.255",41.798,12.255,"41.798, 12.255"
2025-01-23 15:29:26+00:00,"43.742, 7.428",43.742,7.428,"43.742, 7.428"
2025-01-23 13:38:28+00:00,"43.741, 7.428",43.741,7.428,"43.741, 7.428"
2025-01-23 11:12:26+00:00,"43.74, 7.428",43.74,7.428,"43.74, 7.428"
2025-01-23 11:08:20+00:00,"43.745, 7.43",43.745,7.43,"43.745, 7.43"
2025-01-23 11:07:53+00:00,"43.747, 7.431",43.747,7.431,"43.747, 7.431"
2025-01-23 11:06:54+00:00,"43.749, 7.432",43.749,7.432,"43.749, 7.432"
2025-01-22 17:58:22+00:00,"43.74, 7.428",43.74,7.428,"43.74, 7.428"
2025-01-22 17:19:24+00:00,"43.747, 7.431",43.747,7.431,"43.747, 7.431"
2025-01-22 13:15:27+00:00,"43.745, 7.429",43.745,7.429,"43.745, 7.429"
2025-01-22 13:14:16+00:00,"43.747, 7.429",43.747,7.429,"43.747, 7.429"
2025-01-22 13:14:03+00:00,"43.746, 7.431",43.746,7.431,"43.746, 7.431"
2025-01-22 12:36:04+00:00,"43.749, 7.432",43.749,7.432,"43.749, 7.432"
2025-01-22 11:25:04+00:00,"43.749, 7.431",43.749,7.431,"43.749, 7.431"
2025-01-22 10:28:45+00:00,"43.708, 7.191",43.708,7.191,"43.708, 7.191"
2025-01-22 10:28:34+00:00,"43.706, 7.19",43.706,7.19,"43.706, 7.19"
2025-01-22 10:28:23+00:00,"43.704, 7.189",43.704,7.189,"43.704, 7.189"
2025-01-22 10:28:04+00:00,"43.698, 7.189",43.698,7.189,"43.698, 7.189"
2025-01-22 10:11:36+00:00,"43.665, 7.212",43.665,7.212,"43.665, 7.212"
2025-01-22 10:08:00+00:00,"43.666, 7.212",43.666,7.212,"43.666, 7.212"
2025-01-21 18:42:28+00:00,"37.975, 23.743",37.975,23.743,"37.975, 23.743"
2025-01-21 15:33:13+00:00,"38.004, 23.775",38.004,23.775,"38.004, 23.775"
2025-01-21 09:01:03+00:00,"37.975, 23.743",37.975,23.743,"37.975, 23.743"
2025-01-21 08:12:31+00:00,"37.975, 23.743",37.975,23.743,"37.975, 23.743"
2025-01-21 06:37:08+00:00,"37.975, 23.743",37.975,23.743,"37.975, 23.743"
2025-01-20 20:56:42+00:00,"37.975, 23.743",37.975,23.743,"37.975, 23.743"
2025-01-20 20:16:11+00:00,"37.978, 23.742",37.978,23.742,"37.978, 23.742"
2025-01-20 20:00:18+00:00,"37.987, 23.762",37.987,23.762,"37.987, 23.762"
2025-01-20 19:59:57+00:00,"37.989, 23.764",37.989,23.764,"37.989, 23.764"
2025-01-20 19:59:05+00:00,"37.991, 23.766",37.991,23.766,"37.991, 23.766"
2025-01-20 19:58:48+00:00,"37.993, 23.767",37.993,23.767,"37.993, 23.767"
2025-01-20 19:57:59+00:00,"38.001, 23.772",38.001,23.772,"38.001, 23.772"
2025-01-20 19:55:04+00:00,"38.018, 23.787",38.018,23.787,"38.018, 23.787"
2025-01-20 15:40:13+00:00,"38.013, 23.783",38.013,23.783,"38.013, 23.783"
2025-01-20 14:59:53+00:00,"37.991, 23.766",37.991,23.766,"37.991, 23.766"
2025-01-20 11:04:30+00:00,"37.978, 23.739",37.978,23.739,"37.978, 23.739"
2025-01-20 10:23:12+00:00,"37.976, 23.743",37.976,23.743,"37.976, 23.743"
2025-01-19 21:19:57+00:00,"37.975, 23.743",37.975,23.743,"37.975, 23.743"
2025-01-19 19:29:16+00:00,"37.975, 23.743",37.975,23.743,"37.975, 23.743"
2025-01-19 17:48:16+00:00,"37.975, 23.743",37.975,23.743,"37.975, 23.743"
2025-01-19 15:12:38+00:00,"37.975, 23.743",37.975,23.743,"37.975, 23.743"
2025-01-19 14:14:32+00:00,"37.975, 23.743",37.975,23.743,"37.975, 23.743"
2025-01-19 12:41:50+00:00,"37.807, 23.772",37.807,23.772,"37.807, 23.772"
2025-01-19 11:58:23+00:00,"37.807, 23.774",37.807,23.774,"37.807, 23.774"
2025-01-19 11:58:02+00:00,"37.809, 23.776",37.809,23.776,"37.809, 23.776"
2025-01-19 11:57:57+00:00,"37.809, 23.776",37.809,23.776,"37.809, 23.776"
2025-01-19 08:58:43+00:00,"37.975, 23.743",37.975,23.743,"37.975, 23.743"
2025-01-18 20:38:54+00:00,"37.975, 23.743",37.975,23.743,"37.975, 23.743"
2025-01-18 18:34:06+00:00,"37.976, 23.743",37.976,23.743,"37.976, 23.743"
2025-01-18 18:01:51+00:00,"37.979, 23.743",37.979,23.743,"37.979, 23.743"
2025-01-18 15:34:26+00:00,"37.975, 23.743",37.975,23.743,"37.975, 23.743"
2025-01-18 13:40:11+00:00,"37.975, 23.743",37.975,23.743,"37.975, 23.743"
2025-01-18 11:40:35+00:00,"37.979, 23.744",37.979,23.744,"37.979, 23.744"
2025-01-18 11:36:43+00:00,"37.978, 23.742",37.978,23.742,"37.978, 23.742"
2025-01-18 11:22:38+00:00,"37.971, 23.742",37.971,23.742,"37.971, 23.742"
2025-01-18 11:22:00+00:00,"37.97, 23.74",37.97,23.74,"37.97, 23.74"
2025-01-18 11:20:08+00:00,"37.968, 23.737",37.968,23.737,"37.968, 23.737"
2025-01-18 10:53:47+00:00,"37.965, 23.736",37.965,23.736,"37.965, 23.736"
2025-01-18 09:41:28+00:00,"37.975, 23.743",37.975,23.743,"37.975, 23.743"
2025-01-18 08:03:31+00:00,"37.975, 23.743",37.975,23.743,"37.975, 23.743"
2025-01-18 00:32:25+00:00,"37.975, 23.743",37.975,23.743,"37.975, 23.743"
2025-01-17 22:08:15+00:00,"37.84, 23.782",37.84,23.782,"37.84, 23.782"
2025-01-17 18:58:08+00:00,"37.975, 23.743",37.975,23.743,"37.975, 23.743"
2025-01-17 17:18:06+00:00,"37.975, 23.743",37.975,23.743,"37.975, 23.743"
2025-01-17 13:31:33+00:00,"37.99, 23.872",37.99,23.872,"37.99, 23.872"
2025-01-17 13:31:22+00:00,"37.988, 23.872",37.988,23.872,"37.988, 23.872"
2025-01-17 13:31:10+00:00,"37.986, 23.871",37.986,23.871,"37.986, 23.871"
2025-01-17 13:06:19+00:00,"37.936, 23.947",37.936,23.947,"37.936, 23.947"
2025-01-17 13:04:01+00:00,"37.935, 23.946",37.935,23.946,"37.935, 23.946"
2025-01-17 13:03:53+00:00,"37.816, 23.775",37.816,23.775,"37.816, 23.775"
2025-01-17 10:41:27+00:00,"34.869, 33.611",34.869,33.611,"34.869, 33.611"
2025-01-17 09:09:48+00:00,"34.762, 33.328",34.762,33.328,"34.762, 33.328"
2025-01-17 09:05:52+00:00,"34.729, 33.277",34.729,33.277,"34.729, 33.277"
2025-01-17 09:03:59+00:00,"34.726, 33.246",34.726,33.246,"34.726, 33.246"
2025-01-17 09:00:31+00:00,"34.721, 33.19",34.721,33.19,"34.721, 33.19"
2025-01-17 09:00:20+00:00,"34.721, 33.187",34.721,33.187,"34.721, 33.187"
2025-01-17 08:54:32+00:00,"34.708, 33.088",34.708,33.088,"34.708, 33.088"
2025-01-17 08:51:15+00:00,"34.706, 33.038",34.706,33.038,"34.706, 33.038"
2025-01-17 08:51:03+00:00,"34.706, 33.034",34.706,33.034,"34.706, 33.034"
2025-01-17 08:50:52+00:00,"34.705, 33.032",34.705,33.032,"34.705, 33.032"
2025-01-17 08:50:41+00:00,"34.705, 33.029",34.705,33.029,"34.705, 33.029"
2025-01-17 08:50:30+00:00,"34.705, 33.026",34.705,33.026,"34.705, 33.026"
2025-01-17 08:50:20+00:00,"34.704, 33.024",34.704,33.024,"34.704, 33.024"
2025-01-17 08:49:56+00:00,"34.698, 33.018",34.698,33.018,"34.698, 33.018"
2025-01-17 08:49:43+00:00,"34.677, 32.993",34.677,32.993,"34.677, 32.993"
2025-01-17 07:17:45+00:00,"34.677, 32.993",34.677,32.993,"34.677, 32.993"
2025-01-16 20:46:23+00:00,"34.671, 33.043",34.671,33.043,"34.671, 33.043"
2025-01-16 20:14:35+00:00,"34.669, 33.041",34.669,33.041,"34.669, 33.041"
2025-01-16 18:45:23+00:00,"34.669, 33.041",34.669,33.041,"34.669, 33.041"
2025-01-16 18:00:29+00:00,"34.677, 32.993",34.677,32.993,"34.677, 32.993"
2025-01-16 16:06:18+00:00,"34.677, 32.993",34.677,32.993,"34.677, 32.993"
2025-01-16 14:21:58+00:00,"34.677, 32.993",34.677,32.993,"34.677, 32.993"
2025-01-16 13:31:52+00:00,"34.677, 32.993",34.677,32.993,"34.677, 32.993"
2025-01-16 11:21:45+00:00,"34.677, 32.993",34.677,32.993,"34.677, 32.993"
2025-01-16 10:12:44+00:00,"34.677, 32.993",34.677,32.993,"34.677, 32.993"
2025-01-16 09:30:23+00:00,"34.677, 32.993",34.677,32.993,"34.677, 32.993"
2025-01-16 09:02:48+00:00,"34.666, 33.023",34.666,33.023,"34.666, 33.023"
2025-01-15 16:33:12+00:00,"34.677, 32.993",34.677,32.993,"34.677, 32.993"
2025-01-15 13:43:41+00:00,"34.677, 32.993",34.677,32.993,"34.677, 32.993"
2025-01-15 13:43:25+00:00,"34.848, 32.809",34.848,32.809,"34.848, 32.809"
2025-01-15 11:08:49+00:00,"34.848, 32.809",34.848,32.809,"34.848, 32.809"
2025-01-15 10:29:33+00:00,"34.809, 32.794",34.809,32.794,"34.809, 32.794"
2025-01-15 10:29:23+00:00,"34.808, 32.793",34.808,32.793,"34.808, 32.793"
2025-01-15 10:18:33+00:00,"34.75, 32.87",34.75,32.87,"34.75, 32.87"
2025-01-15 10:18:11+00:00,"34.748, 32.873",34.748,32.873,"34.748, 32.873"
2025-01-15 10:17:59+00:00,"34.746, 32.875",34.746,32.875,"34.746, 32.875"
2025-01-15 10:17:54+00:00,"34.746, 32.876",34.746,32.876,"34.746, 32.876"
2025-01-15 09:28:54+00:00,"34.677, 32.993",34.677,32.993,"34.677, 32.993"
2025-01-14 22:30:59+00:00,"34.677, 32.993",34.677,32.993,"34.677, 32.993"
2025-01-14 21:35:11+00:00,"35.038, 33.384",35.038,33.384,"35.038, 33.384"
2025-01-14 21:16:29+00:00,"35.168, 33.359",35.168,33.359,"35.168, 33.359"
2025-01-14 20:52:04+00:00,"35.169, 33.37",35.169,33.37,"35.169, 33.37"
2025-01-14 18:07:31+00:00,"35.167, 33.363",35.167,33.363,"35.167, 33.363"
2025-01-14 17:01:43+00:00,"35.167, 33.363",35.167,33.363,"35.167, 33.363"
2025-01-14 15:34:23+00:00,"35.167, 33.362",35.167,33.362,"35.167, 33.362"
2025-01-14 15:19:52+00:00,"35.137, 33.375",35.137,33.375,"35.137, 33.375"
2025-01-14 15:18:16+00:00,"35.134, 33.374",35.134,33.374,"35.134, 33.374"
2025-01-14 15:17:55+00:00,"35.132, 33.371",35.132,33.371,"35.132, 33.371"
2025-01-14 15:17:34+00:00,"35.131, 33.369",35.131,33.369,"35.131, 33.369"
2025-01-14 15:17:23+00:00,"35.13, 33.367",35.13,33.367,"35.13, 33.367"
2025-01-14 15:17:17+00:00,"35.123, 33.363",35.123,33.363,"35.123, 33.363"
2025-01-14 15:16:47+00:00,"34.704, 33.061",34.704,33.061,"34.704, 33.061"
2025-01-14 13:30:56+00:00,"34.702, 33.061",34.702,33.061,"34.702, 33.061"
2025-01-14 13:21:13+00:00,"34.686, 32.992",34.686,32.992,"34.686, 32.992"
2025-01-14 13:19:08+00:00,"34.679, 32.993",34.679,32.993,"34.679, 32.993"
2025-01-14 13:01:20+00:00,"34.677, 32.993",34.677,32.993,"34.677, 32.993"
2025-01-14 11:59:23+00:00,"34.676, 32.993",34.676,32.993,"34.676, 32.993"
2025-01-14 11:21:56+00:00,"34.676, 32.993",34.676,32.993,"34.676, 32.993"
2025-01-14 10:04:56+00:00,"34.677, 32.993",34.677,32.993,"34.677, 32.993"
2025-01-13 17:53:19+00:00,"34.677, 32.993",34.677,32.993,"34.677, 32.993"
2025-01-13 14:14:48+00:00,"34.653, 32.998",34.653,32.998,"34.653, 32.998"
2025-01-13 13:36:38+00:00,"34.677, 32.993",34.677,32.993,"34.677, 32.993"
2025-01-13 12:02:27+00:00,"34.677, 32.993",34.677,32.993,"34.677, 32.993"
2025-01-13 11:26:13+00:00,"34.677, 32.993",34.677,32.993,"34.677, 32.993"
2025-01-13 10:15:56+00:00,"34.694, 33.001",34.694,33.001,"34.694, 33.001"
2025-01-13 10:10:13+00:00,"34.679, 32.996",34.679,32.996,"34.679, 32.996"
2025-01-13 10:05:54+00:00,"34.677, 32.993",34.677,32.993,"34.677, 32.993"
2025-01-13 08:33:45+00:00,"34.677, 32.993",34.677,32.993,"34.677, 32.993"
